Страница;URL;Частота кластера;Запрос;Частота запроса
P13 10х15 (есть);/catalog/foto-10x15-bez-polej;72569;10х15;22385
P13 10х15 (есть);/catalog/foto-10x15-bez-polej;72569;фото 10х15;8835
P13 10х15 (есть);/catalog/foto-10x15-bez-polej;72569;фотография 10х15;3402
P13 10х15 (есть);/catalog/foto-10x15-bez-polej;72569;печать 10х15;3358
P13 10х15 (есть);/catalog/foto-10x15-bez-polej;72569;распечатать 10х15;2265
P13 10х15 (есть);/catalog/foto-10x15-bez-polej;72569;печать фото 10х15;2164
P13 10х15 (есть);/catalog/foto-10x15-bez-polej;72569;распечатать фото 10х15;1907
P13 10х15 (есть);/catalog/foto-10x15-bez-polej;72569;10х15 какой;1728
P13 10х15 (есть);/catalog/foto-10x15-bez-polej;72569;фото 10х15 сколько;1579
P13 10х15 (есть);/catalog/foto-10x15-bez-polej;72569;сколько стоят фото 10х15;1445
P13 10х15 (есть);/catalog/foto-10x15-bez-polej;72569;распечатать фото 10 на 15;1382
P13 10х15 (есть);/catalog/foto-10x15-bez-polej;72569;фотоальбом 10х15;1157
P13 10х15 (есть);/catalog/foto-10x15-bez-polej;72569;сколько распечатать фото 10х15;1007
P13 10х15 (есть);/catalog/foto-10x15-bez-polej;72569;печать фотографий 10х15;999
P13 10х15 (есть);/catalog/foto-10x15-bez-polej;72569;рамка 10х15;828
P13 10х15 (есть);/catalog/foto-10x15-bez-polej;72569;лист 10х15;706
P13 10х15 (есть);/catalog/foto-10x15-bez-polej;72569;фоторамка 10х15;685
P13 10х15 (есть);/catalog/foto-10x15-bez-polej;72569;сетка 10х15;454
P13 10х15 (есть);/catalog/foto-10x15-bez-polej;72569;напечатать фото 10х15;420
P13 10х15 (есть);/catalog/foto-10x15-bez-polej;72569;альбом 10х15;420
P13 10х15 (есть);/catalog/foto-10x15-bez-polej;72569;рамка для фото 10х15;386
P13 10х15 (есть);/catalog/foto-10x15-bez-polej;72569;кабель 10х15;370
P13 10х15 (есть);/catalog/foto-10x15-bez-polej;72569;кабель канал 10х15;366
P13 10х15 (есть);/catalog/foto-10x15-bez-polej;72569;сделать 10х15;325
P13 10х15 (есть);/catalog/foto-10x15-bez-polej;72569;фотоальбом 10х15 купить;315
P13 10х15 (есть);/catalog/foto-10x15-bez-polej;72569;сколько распечатать фото 10 на 15;292
P13 10х15 (есть);/catalog/foto-10x15-bez-polej;72569;уголок 10х15;287
P13 10х15 (есть);/catalog/foto-10x15-bez-polej;72569;распечатать фотографии 10х15;281
P13 10х15 (есть);/catalog/foto-10x15-bez-polej;72569;печатать фото 10х15;277
P13 10х15 (есть);/catalog/foto-10x15-bez-polej;72569;тент 10х15;230
P13 10х15 (есть);/catalog/foto-10x15-bez-polej;72569;дом 10х15;230
P13 10х15 (есть);/catalog/foto-10x15-bez-polej;72569;пакет 10х15;229
P13 10х15 (есть);/catalog/foto-10x15-bez-polej;72569;меньше 10х15;222
P13 10х15 (есть);/catalog/foto-10x15-bez-polej;72569;шланг 10х15;220
P13 10х15 (есть);/catalog/foto-10x15-bez-polej;72569;фото 10х15 это какой;215
P13 10х15 (есть);/catalog/foto-10x15-bez-polej;72569;сделать фото 10х15;215
P13 10х15 (есть);/catalog/foto-10x15-bez-polej;72569;альбом для фотографий 10х15;212
P13 10х15 (есть);/catalog/foto-10x15-bez-polej;72569;10х15 глянец;208
P13 10х15 (есть);/catalog/foto-10x15-bez-polej;72569;брус 10х15;189
P13 10х15 (есть);/catalog/foto-10x15-bez-polej;72569;фотоальбом 10х15 200;179
P13 10х15 (есть);/catalog/foto-10x15-bez-polej;72569;пластырь 10х15;178
P13 10х15 (есть);/catalog/foto-10x15-bez-polej;72569;фотки 10х15;176
P13 10х15 (есть);/catalog/foto-10x15-bez-polej;72569;фоторамка 10х15 купить;174
P13 10х15 (есть);/catalog/foto-10x15-bez-polej;72569;10х15 как выглядит;173
P13 10х15 (есть);/catalog/foto-10x15-bez-polej;72569;фотографии 10х15 это какой;168
P13 10х15 (есть);/catalog/foto-10x15-bez-polej;72569;алюминиевая 10х15;168
P13 10х15 (есть);/catalog/foto-10x15-bez-polej;72569;альбом для фото 10х15;167
P13 10х15 (есть);/catalog/foto-10x15-bez-polej;72569;рамки 10х15 купить;159
P13 10х15 (есть);/catalog/foto-10x15-bez-polej;72569;напечатать фотографии 10х15;153
P13 10х15 (есть);/catalog/foto-10x15-bez-polej;72569;фотопечать 10х15;152
P13 10х15 (есть);/catalog/foto-10x15-bez-polej;72569;фотоальбом фотографий 10х15 купить;151
P13 10х15 (есть);/catalog/foto-10x15-bez-polej;72569;распечатка фото 10х15;148
P13 10х15 (есть);/catalog/foto-10x15-bez-polej;72569;открытки 10х15;137
P13 10х15 (есть);/catalog/foto-10x15-bez-polej;72569;купить альбом 10х15;136
P13 10х15 (есть);/catalog/foto-10x15-bez-polej;72569;печатать фотографии 10х15;131
P13 10х15 (есть);/catalog/foto-10x15-bez-polej;72569;рамка для фото 10х15 купить;129
P13 10х15 (есть);/catalog/foto-10x15-bez-polej;72569;конверт 10х15;129
P13 10х15 (есть);/catalog/foto-10x15-bez-polej;72569;фотоальбомы 500 10х15;127
P13 10х15 (есть);/catalog/foto-10x15-bez-polej;72569;обрезать фото 10х15;120
P13 10х15 (есть);/catalog/foto-10x15-bez-polej;72569;фотоальбом 10х15 300;117
P13 10х15 (есть);/catalog/foto-10x15-bez-polej;72569;альбом для фотографий 10х15 купить;115
P13 10х15 (есть);/catalog/foto-10x15-bez-polej;72569;уголок алюминиевый 10х15;109
P13 10х15 (есть);/catalog/foto-10x15-bez-polej;72569;коллаж 10х15;108
P13 10х15 (есть);/catalog/foto-10x15-bez-polej;72569;фотоальбом 10х15 200 фото;105
P13 10х15 (есть);/catalog/foto-10x15-bez-polej;72569;картинки 10х15;104
P13 10х15 (есть);/catalog/foto-10x15-bez-polej;72569;сатин 10х15;98
P13 10х15 (есть);/catalog/foto-10x15-bez-polej;72569;10х15 а6;98
P13 10х15 (есть);/catalog/foto-10x15-bez-polej;72569;фотоальбом 500 фотографий 10х15;95
P13 10х15 (есть);/catalog/foto-10x15-bez-polej;72569;тент укрывной 10х15;93
P13 10х15 (есть);/catalog/foto-10x15-bez-polej;72569;разместить фото на 10х15;92
P13 10х15 (есть);/catalog/foto-10x15-bez-polej;72569;подогнать фото 10х15;90
P13 10х15 (есть);/catalog/foto-10x15-bez-polej;72569;фотоальбом для фото 10х15;86
P13 10х15 (есть);/catalog/foto-10x15-bez-polej;72569;фото 10х15 как выглядят;84
P13 10х15 (есть);/catalog/foto-10x15-bez-polej;72569;дом 10х15 проект;83
P13 10х15 (есть);/catalog/foto-10x15-bez-polej;72569;обложка 10х15;82
P13 10х15 (есть);/catalog/foto-10x15-bez-polej;72569;фото меньше 10х15;81
P13 10х15 (есть);/catalog/foto-10x15-bez-polej;72569;рамка для фотографии 10х15;78
P13 10х15 (есть);/catalog/foto-10x15-bez-polej;72569;зип пакет 10х15;76
P13 10х15 (есть);/catalog/foto-10x15-bez-polej;72569;фотоальбом на 300 фотографий 10х15;73
P13 10х15 (есть);/catalog/foto-10x15-bez-polej;72569;пластырь послеоперационный 10х15;73
P1  Где распечатать фото в Москве;/gde-raspechatat-foto-v-moskve;52133;где распечатать фото;12969
P1  Где распечатать фото в Москве;/gde-raspechatat-foto-v-moskve;52133;где можно распечатать фото;8128
P1  Где распечатать фото в Москве;/gde-raspechatat-foto-v-moskve;52133;печать фото москва;2815
P1  Где распечатать фото в Москве;/gde-raspechatat-foto-v-moskve;52133;где распечатать фото с телефона;2055
P1  Где распечатать фото в Москве;/gde-raspechatat-foto-v-moskve;52133;распечатать фото рядом;1716
P1  Где распечатать фото в Москве;/gde-raspechatat-foto-v-moskve;52133;распечатать фото москва;1579
P1  Где распечатать фото в Москве;/gde-raspechatat-foto-v-moskve;52133;где можно распечатать фото с телефона;1391
P1  Где распечатать фото в Москве;/gde-raspechatat-foto-v-moskve;52133;печать фото рядом;1075
P1  Где распечатать фото в Москве;/gde-raspechatat-foto-v-moskve;52133;распечатать фото рядом со мной;955
P1  Где распечатать фото в Москве;/gde-raspechatat-foto-v-moskve;52133;печать фото где;930
P1  Где распечатать фото в Москве;/gde-raspechatat-foto-v-moskve;52133;где распечатать цветные фото;564
P1  Где распечатать фото в Москве;/gde-raspechatat-foto-v-moskve;52133;печать фото адреса;502
P1  Где распечатать фото в Москве;/gde-raspechatat-foto-v-moskve;52133;печать фото рядом со мной;474
P1  Где распечатать фото в Москве;/gde-raspechatat-foto-v-moskve;52133;где распечатать фото рядом;467
P1  Где распечатать фото в Москве;/gde-raspechatat-foto-v-moskve;52133;распечатать фото адрес;466
P1  Где распечатать фото в Москве;/gde-raspechatat-foto-v-moskve;52133;где распечатать фото на паспорт;394
P1  Где распечатать фото в Москве;/gde-raspechatat-foto-v-moskve;52133;где можно распечатать цветные фото;378
P1  Где распечатать фото в Москве;/gde-raspechatat-foto-v-moskve;52133;распечатать фото с телефона рядом;325
P1  Где распечатать фото в Москве;/gde-raspechatat-foto-v-moskve;52133;где распечатать фото рядом со мной;296
P1  Где распечатать фото в Москве;/gde-raspechatat-foto-v-moskve;52133;печать фото метро;295
P1  Где распечатать фото в Москве;/gde-raspechatat-foto-v-moskve;52133;фото с телефона распечатать рядом со мной;271
P1  Где распечатать фото в Москве;/gde-raspechatat-foto-v-moskve;52133;где в москве распечатать фото;271
P1  Где распечатать фото в Москве;/gde-raspechatat-foto-v-moskve;52133;где рядом можно распечатать фото;270
P1  Где распечатать фото в Москве;/gde-raspechatat-foto-v-moskve;52133;печать фотографий 10х15 москва;237
P1  Где распечатать фото в Москве;/gde-raspechatat-foto-v-moskve;52133;где рядом распечатать фото с телефона;231
P1  Где распечатать фото в Москве;/gde-raspechatat-foto-v-moskve;52133;печать фото на холсте в москве;226
P1  Где распечатать фото в Москве;/gde-raspechatat-foto-v-moskve;52133;где распечатать фото на документы;226
P1  Где распечатать фото в Москве;/gde-raspechatat-foto-v-moskve;52133;салон печати фото;214
P1  Где распечатать фото в Москве;/gde-raspechatat-foto-v-moskve;52133;распечатать фото метро;214
P1  Где распечатать фото в Москве;/gde-raspechatat-foto-v-moskve;52133;где можно распечатать фото на паспорт;197
P1  Где распечатать фото в Москве;/gde-raspechatat-foto-v-moskve;52133;где дешево распечатать фото;169
P1  Где распечатать фото в Москве;/gde-raspechatat-foto-v-moskve;52133;печать фотографий 10х15 дешево в москве;163
P1  Где распечатать фото в Москве;/gde-raspechatat-foto-v-moskve;52133;печать фото недорого москва;161
P1  Где распечатать фото в Москве;/gde-raspechatat-foto-v-moskve;52133;где можно распечатать фото рядом со мной;161
P1  Где распечатать фото в Москве;/gde-raspechatat-foto-v-moskve;52133;где распечатать фото недорого;157
P1  Где распечатать фото в Москве;/gde-raspechatat-foto-v-moskve;52133;где можно распечатать фото москва;154
P1  Где распечатать фото в Москве;/gde-raspechatat-foto-v-moskve;52133;место где распечатывают фото;153
P1  Где распечатать фото в Москве;/gde-raspechatat-foto-v-moskve;52133;где распечатать фото с пленки;152
P1  Где распечатать фото в Москве;/gde-raspechatat-foto-v-moskve;52133;распечатать фото салона;150
P1  Где распечатать фото в Москве;/gde-raspechatat-foto-v-moskve;52133;где можно сделать распечатать фото;148
P1  Где распечатать фото в Москве;/gde-raspechatat-foto-v-moskve;52133;печать фото полароид москва;139
P1  Где распечатать фото в Москве;/gde-raspechatat-foto-v-moskve;52133;распечатать фото москва недорого;132
P1  Где распечатать фото в Москве;/gde-raspechatat-foto-v-moskve;52133;где распечатать большие фото;123
P1  Где распечатать фото в Москве;/gde-raspechatat-foto-v-moskve;52133;места где можно распечатать фото;122
P1  Где распечатать фото в Москве;/gde-raspechatat-foto-v-moskve;52133;срочная печать фото москва;121
P1  Где распечатать фото в Москве;/gde-raspechatat-foto-v-moskve;52133;печать фото цена москва;121
P1  Где распечатать фото в Москве;/gde-raspechatat-foto-v-moskve;52133;где можно распечатать фото на документы;121
P1  Где распечатать фото в Москве;/gde-raspechatat-foto-v-moskve;52133;распечатать фото с телефона в москве;117
P1  Где распечатать фото в Москве;/gde-raspechatat-foto-v-moskve;52133;где распечатать фото цена;110
P1  Где распечатать фото в Москве;/gde-raspechatat-foto-v-moskve;52133;фото распечатать рядом со мной на карте;108
P1  Где распечатать фото в Москве;/gde-raspechatat-foto-v-moskve;52133;где распечатать фото адреса;108
P1  Где распечатать фото в Москве;/gde-raspechatat-foto-v-moskve;52133;печать фото 10х15 москва;107
P1  Где распечатать фото в Москве;/gde-raspechatat-foto-v-moskve;52133;где распечатать маленькие фото;107
P1  Где распечатать фото в Москве;/gde-raspechatat-foto-v-moskve;52133;где распечатать фото на паспорт с телефона;106
P1  Где распечатать фото в Москве;/gde-raspechatat-foto-v-moskve;52133;печать фото на футболке москва;101
P1  Где распечатать фото в Москве;/gde-raspechatat-foto-v-moskve;52133;распечатать фото адреса и цены;99
P1  Где распечатать фото в Москве;/gde-raspechatat-foto-v-moskve;52133;фото 10х15 цена москва;98
P1  Где распечатать фото в Москве;/gde-raspechatat-foto-v-moskve;52133;где распечатать фото а4;94
P1  Где распечатать фото в Москве;/gde-raspechatat-foto-v-moskve;52133;где распечатать фото с флешки;92
P1  Где распечатать фото в Москве;/gde-raspechatat-foto-v-moskve;52133;где можно распечатать фото с пленки;92
P1  Где распечатать фото в Москве;/gde-raspechatat-foto-v-moskve;52133;фотосалон печать фото;89
P1  Где распечатать фото в Москве;/gde-raspechatat-foto-v-moskve;52133;печать фото рядом на карте;87
P1  Где распечатать фото в Москве;/gde-raspechatat-foto-v-moskve;52133;печать фото рядом со мной на карте;85
P1  Где распечатать фото в Москве;/gde-raspechatat-foto-v-moskve;52133;печать фото 10 10 москва;83
P1  Где распечатать фото в Москве;/gde-raspechatat-foto-v-moskve;52133;где распечатать фото 3 на 4;83
P1  Где распечатать фото в Москве;/gde-raspechatat-foto-v-moskve;52133;где распечатать фото в твери;79
P1  Где распечатать фото в Москве;/gde-raspechatat-foto-v-moskve;52133;можно ли распечатать фото в фотосалоне;78
P1  Где распечатать фото в Москве;/gde-raspechatat-foto-v-moskve;52133;где распечатать фото на холсте;78
P1  Где распечатать фото в Москве;/gde-raspechatat-foto-v-moskve;52133;распечатать цветные фото москва;76
P1  Где распечатать фото в Москве;/gde-raspechatat-foto-v-moskve;52133;где распечатать фото в центре;76
P1  Где распечатать фото в Москве;/gde-raspechatat-foto-v-moskve;52133;распечатать фото москва рядом;74
P1  Где распечатать фото в Москве;/gde-raspechatat-foto-v-moskve;52133;где можно распечатать фото 3 4;74
P1  Где распечатать фото в Москве;/gde-raspechatat-foto-v-moskve;52133;где в москве распечатать фото с телефона;74
P1  Где распечатать фото в Москве;/gde-raspechatat-foto-v-moskve;52133;печать фото круглосуточно;72
P1  Где распечатать фото в Москве;/gde-raspechatat-foto-v-moskve;52133;где можно распечатать большое фото;72
P1  Где распечатать фото в Москве;/gde-raspechatat-foto-v-moskve;52133;адреса где можно распечатать фото;71
P1  Где распечатать фото в Москве;/gde-raspechatat-foto-v-moskve;52133;печать фото 10х15 цена москва;70
P1  Где распечатать фото в Москве;/gde-raspechatat-foto-v-moskve;52133;где можно распечатать фото а4;69
P1  Где распечатать фото в Москве;/gde-raspechatat-foto-v-moskve;52133;распечатать фото полароид москва;68
P1  Где распечатать фото в Москве;/gde-raspechatat-foto-v-moskve;52133;фотография 10х15 цена москва;67
P2  Цены на печать фото;/ceny;38753;сколько стоит распечатать фото;5732
P2  Цены на печать фото;/ceny;38753;печать фото цена;4151
P2  Цены на печать фото;/ceny;38753;распечатать фото цена;2442
P2  Цены на печать фото;/ceny;38753;сколько стоит распечатать цветное фото;1769
P2  Цены на печать фото;/ceny;38753;сколько стоит 10х15;1626
P2  Цены на печать фото;/ceny;38753;10х15 цена;1585
P2  Цены на печать фото;/ceny;38753;сколько стоит печать фото;1229
P2  Цены на печать фото;/ceny;38753;цена фото 10х15;1132
P2  Цены на печать фото;/ceny;38753;печать фото стоимость;1043
P2  Цены на печать фото;/ceny;38753;сколько стоит распечатать фото 10х15;1004
P2  Цены на печать фото;/ceny;38753;печать 10х15 цена;741
P2  Цены на печать фото;/ceny;38753;печать фото недорого;640
P2  Цены на печать фото;/ceny;38753;печать фото 10х15 цена;630
P2  Цены на печать фото;/ceny;38753;сколько стоит распечатать фото а4;458
P2  Цены на печать фото;/ceny;38753;распечатать фото недорого;430
P2  Цены на печать фото;/ceny;38753;сколько стоит распечатать фото 10х15 цветное;408
P2  Цены на печать фото;/ceny;38753;сколько стоит распечатать фото 10 10;408
P2  Цены на печать фото;/ceny;38753;печать фото дешево;400
P2  Цены на печать фото;/ceny;38753;сколько стоит распечатать фото с телефона;361
P2  Цены на печать фото;/ceny;38753;распечатать фото дешево;321
P2  Цены на печать фото;/ceny;38753;стоимость фото 10х15;303
P2  Цены на печать фото;/ceny;38753;печать фото 10 15 цена;300
P2  Цены на печать фото;/ceny;38753;распечатать фото стоимость;298
P2  Цены на печать фото;/ceny;38753;сколько стоит распечатать фото 10 на 15;286
P2  Цены на печать фото;/ceny;38753;фотография 10х15 цена;278
P2  Цены на печать фото;/ceny;38753;сколько стоит печать фото 10х15;263
P2  Цены на печать фото;/ceny;38753;распечатать фото 10х15 цена;261
P2  Цены на печать фото;/ceny;38753;сколько стоит распечатать цветное фото а4;250
P2  Цены на печать фото;/ceny;38753;печать фотографий 10х15 дешево;244
P2  Цены на печать фото;/ceny;38753;печать фото а4 цена;240
P2  Цены на печать фото;/ceny;38753;стоимость печати 10х15;236
P2  Цены на печать фото;/ceny;38753;сколько стоит распечатать 1 фото;223
P2  Цены на печать фото;/ceny;38753;сколько стоит распечатать фото цветное с телефона;200
P2  Цены на печать фото;/ceny;38753;сколько стоит распечатать фото на фотобумаге;196
P2  Цены на печать фото;/ceny;38753;сколько стоить распечатать фото;192
P2  Цены на печать фото;/ceny;38753;сколько стоит распечатать фото глянец;176
P2  Цены на печать фото;/ceny;38753;распечатать 10 фото цена;176
P2  Цены на печать фото;/ceny;38753;печать фото 10 на 10 цена;170
P2  Цены на печать фото;/ceny;38753;сколько стоит распечатать фото на бумаге;166
P2  Цены на печать фото;/ceny;38753;сколько стоит распечатать фото на паспорт;158
P2  Цены на печать фото;/ceny;38753;стоимость печати фото 10х15;155
P2  Цены на печать фото;/ceny;38753;сколько стоит распечатать фото 10х15 глянец;155
P2  Цены на печать фото;/ceny;38753;печать фото а4 стоимость;139
P2  Цены на печать фото;/ceny;38753;печать цветного фото цена;136
P2  Цены на печать фото;/ceny;38753;сколько стоит распечатать фото глянцевую;135
P2  Цены на печать фото;/ceny;38753;распечатать цветное фото цена;129
P2  Цены на печать фото;/ceny;38753;распечатать фото а4 цена;126
P2  Цены на печать фото;/ceny;38753;печать фото прайс;120
P2  Цены на печать фото;/ceny;38753;сколько стоит напечатать фото 10х15;119
P2  Цены на печать фото;/ceny;38753;распечатать фото 10 на 15 цена;117
P2  Цены на печать фото;/ceny;38753;печать фото на холсте цена;112
P2  Цены на печать фото;/ceny;38753;сколько стоит распечатать фото на фотобумаге цветное;109
P2  Цены на печать фото;/ceny;38753;яркий мир печать фото цена;107
P2  Цены на печать фото;/ceny;38753;сколько стоит печать цветных фото;103
P2  Цены на печать фото;/ceny;38753;распечатать фото с телефона цена;103
P2  Цены на печать фото;/ceny;38753;сколько стоит печать фото 10 15;101
P2  Цены на печать фото;/ceny;38753;стоимость фотографий 10х15;100
P2  Цены на печать фото;/ceny;38753;сколько стоит распечатать фото 3 4;97
P2  Цены на печать фото;/ceny;38753;распечатать фото на холсте цена;93
P2  Цены на печать фото;/ceny;38753;сколько стоит фото 10х15 цена;92
P2  Цены на печать фото;/ceny;38753;распечатать фотографии 10х15 цена;90
P2  Цены на печать фото;/ceny;38753;сколько стоит распечатать фото 3х4;89
P2  Цены на печать фото;/ceny;38753;печать фото а4 цветная печать цена;87
P2  Цены на печать фото;/ceny;38753;сколько стоит распечатать фото цветное 10х15 глянец;85
P2  Цены на печать фото;/ceny;38753;сколько стоит печать фото а4;84
P2  Цены на печать фото;/ceny;38753;печать фото стоимость 10 на 15;84
P2  Цены на печать фото;/ceny;38753;стоимость распечатать фото 10х15;81
P2  Цены на печать фото;/ceny;38753;стоимость печати фотографии 10х15;81
P2  Цены на печать фото;/ceny;38753;печать цветное фото стоимость;77
P2  Цены на печать фото;/ceny;38753;сколько стоит распечатать маленькие фото;76
P2  Цены на печать фото;/ceny;38753;распечатка фото 10х15 цена;75
P2  Цены на печать фото;/ceny;38753;напечатать фото 10х15 цена;74
P2  Цены на печать фото;/ceny;38753;стоимость печати 1 фото;73
P2  Цены на печать фото;/ceny;38753;сколько стоит распечатать фото на глянцевой бумаге;72
P2  Цены на печать фото;/ceny;38753;печать фото а4 цветная печать стоимость;70
P2  Цены на печать фото;/ceny;38753;фото 10х15 дешево;69
P2  Цены на печать фото;/ceny;38753;сколько стоит распечатать фото 10х15 цена;68
P2  Цены на печать фото;/ceny;38753;сколько стоит распечатать лист а4 фото;67
P2  Цены на печать фото;/ceny;38753;недорогая печать фото на холсте;67
P2  Цены на печать фото;/ceny;38753;сколько стоит распечатать фото глянцевое а4;66
P3  Размеры и форматы фото;/formaty;36981;размеры фото для печати;4147
P3  Размеры и форматы фото;/formaty;36981;распечатать фото размеры;2359
P3  Размеры и форматы фото;/formaty;36981;форматы фото для печати;2183
P3  Размеры и форматы фото;/formaty;36981;формат фото распечатать;2071
P3  Размеры и форматы фото;/formaty;36981;формат 10х15;2015
P3  Размеры и форматы фото;/formaty;36981;размер 10х15;1739
P3  Размеры и форматы фото;/formaty;36981;10х15 какой формат;1233
P3  Размеры и форматы фото;/formaty;36981;10х15 см;1120
P3  Размеры и форматы фото;/formaty;36981;размер фото 10х15;808
P3  Размеры и форматы фото;/formaty;36981;формат фото 10х15;600
P3  Размеры и форматы фото;/formaty;36981;печать фото размеры какие бывают;565
P3  Размеры и форматы фото;/formaty;36981;какого формата распечатывают фото;444
P3  Размеры и форматы фото;/formaty;36981;печать фото формата а4;431
P3  Размеры и форматы фото;/formaty;36981;10х15 мм;413
P3  Размеры и форматы фото;/formaty;36981;каким размером распечатать фото;409
P3  Размеры и форматы фото;/formaty;36981;распечатать фото формат а4;385
P3  Размеры и форматы фото;/formaty;36981;10х15 какой размер;296
P3  Размеры и форматы фото;/formaty;36981;формат фотографии 10х15;295
P3  Размеры и форматы фото;/formaty;36981;размер фотографии 10х15;290
P3  Размеры и форматы фото;/formaty;36981;формат бумаги 10х15;279
P3  Размеры и форматы фото;/formaty;36981;печать фото большого формата;274
P3  Размеры и форматы фото;/formaty;36981;фото 10х15 см;264
P3  Размеры и форматы фото;/formaty;36981;размеры фото под печать;261
P3  Размеры и форматы фото;/formaty;36981;печать фото нужного размера;253
P3  Размеры и форматы фото;/formaty;36981;лучший формат для печати фото;230
P3  Размеры и форматы фото;/formaty;36981;печать фото маленького формата;225
P3  Размеры и форматы фото;/formaty;36981;знак огнетушитель гост размеры фото распечатать;223
P3  Размеры и форматы фото;/formaty;36981;10х15 в дюймах;219
P3  Размеры и форматы фото;/formaty;36981;распечатать фото маленького размера;215
P3  Размеры и форматы фото;/formaty;36981;печать фото размеры а4;214
P3  Размеры и форматы фото;/formaty;36981;размер фото полароид для печати;213
P3  Размеры и форматы фото;/formaty;36981;размеры фото для печати маленькие;209
P3  Размеры и форматы фото;/formaty;36981;широкоформатная печать фото;207
P3  Размеры и форматы фото;/formaty;36981;форматы фото для печати размеры;204
P3  Размеры и форматы фото;/formaty;36981;10х15 какой формат бумаги;200
P3  Размеры и форматы фото;/formaty;36981;сделать размер фото для печати;188
P3  Размеры и форматы фото;/formaty;36981;печать фотографий размеры фото;186
P3  Размеры и форматы фото;/formaty;36981;подогнать размер фото под печать;183
P3  Размеры и форматы фото;/formaty;36981;размер бумаги 10х15;180
P3  Размеры и форматы фото;/formaty;36981;фото 10х15 это какой формат;179
P3  Размеры и форматы фото;/formaty;36981;формат печати фото какие бывают;169
P3  Размеры и форматы фото;/formaty;36981;изменить размер фото для печати;168
P3  Размеры и форматы фото;/formaty;36981;размер формата 10х15;166
P3  Размеры и форматы фото;/formaty;36981;размер печати 10х15;164
P3  Размеры и форматы фото;/formaty;36981;на какой бумаге распечатывают фото;160
P3  Размеры и форматы фото;/formaty;36981;10х15 соотношение сторон;158
P3  Размеры и форматы фото;/formaty;36981;печать фото больших размеров;156
P3  Размеры и форматы фото;/formaty;36981;фотография 10х15 это какой формат;150
P3  Размеры и форматы фото;/formaty;36981;стандартные размеры фото для печати;150
P3  Размеры и форматы фото;/formaty;36981;формат фотобумаги 10х15;147
P3  Размеры и форматы фото;/formaty;36981;печать фото формата а3;147
P3  Размеры и форматы фото;/formaty;36981;размер 10х15 какой формат;146
P3  Размеры и форматы фото;/formaty;36981;как подогнать размер фото для печати;128
P3  Размеры и форматы фото;/formaty;36981;фотобумага 10х15 какой формат;124
P3  Размеры и форматы фото;/formaty;36981;размер фото 10х15 какой;124
P3  Размеры и форматы фото;/formaty;36981;размер 10х15 в пикселях;121
P3  Размеры и форматы фото;/formaty;36981;размер фото для печати 10х15;117
P3  Размеры и форматы фото;/formaty;36981;какие размеры фото бывают для печати фотографий;117
P3  Размеры и форматы фото;/formaty;36981;какие размеры фото можно распечатать;113
P3  Размеры и форматы фото;/formaty;36981;какие есть размеры фото для печати;112
P3  Размеры и форматы фото;/formaty;36981;какой формат фото лучше для печати;110
P3  Размеры и форматы фото;/formaty;36981;распечатать фото формата а3;107
P3  Размеры и форматы фото;/formaty;36981;формат фото для печати 10 на 15;105
P3  Размеры и форматы фото;/formaty;36981;фотоальбом 10х15 см;103
P3  Размеры и форматы фото;/formaty;36981;какого формата можно распечатать фото;102
P3  Размеры и форматы фото;/formaty;36981;какой формат выбрать для печати фото;101
P3  Размеры и форматы фото;/formaty;36981;размер фото 10х15 онлайн;98
P3  Размеры и форматы фото;/formaty;36981;фоторамка 10х15 см;97
P3  Размеры и форматы фото;/formaty;36981;размер полароидных фото для печати;97
P3  Размеры и форматы фото;/formaty;36981;размеры фото для печати в см;96
P3  Размеры и форматы фото;/formaty;36981;какие есть форматы фото для печати;95
P3  Размеры и форматы фото;/formaty;36981;10х15 какое соотношение;93
P3  Размеры и форматы фото;/formaty;36981;фото 10х15 размер бумаги;92
P3  Размеры и форматы фото;/formaty;36981;размеры фото 10 на 15 для печати;92
P3  Размеры и форматы фото;/formaty;36981;распечатать фото в большом формате;91
P3  Размеры и форматы фото;/formaty;36981;печать фото на паспорт размер;89
P3  Размеры и форматы фото;/formaty;36981;соотношение фото 10х15;88
P3  Размеры и форматы фото;/formaty;36981;размеры бумаги для печати фото;88
P3  Размеры и форматы фото;/formaty;36981;10х15 какое соотношение сторон;87
P3  Размеры и форматы фото;/formaty;36981;формат печать 10х15;86
P11 Бумага, глянец, качество;/bumaga;19569;фотобумага 10х15;1932
P11 Бумага, глянец, качество;/bumaga;19569;распечатать фото на бумаге;1499
P11 Бумага, глянец, качество;/bumaga;19569;бумага для печати фото;1226
P11 Бумага, глянец, качество;/bumaga;19569;распечатать фото на фотобумаге;1053
P11 Бумага, глянец, качество;/bumaga;19569;бумага 10х15;976
P11 Бумага, глянец, качество;/bumaga;19569;качество фото для печати;874
P11 Бумага, глянец, качество;/bumaga;19569;разрешение фото для печати;482
P11 Бумага, глянец, качество;/bumaga;19569;распечатать глянцевые фото;411
P11 Бумага, глянец, качество;/bumaga;19569;печать фото на фотобумаге;399
P11 Бумага, глянец, качество;/bumaga;19569;10х15 глянцевая;381
P11 Бумага, глянец, качество;/bumaga;19569;печать глянцевых фото;346
P11 Бумага, глянец, качество;/bumaga;19569;качественная печать фото;343
P11 Бумага, глянец, качество;/bumaga;19569;печать фото в хорошем качестве;327
P11 Бумага, глянец, качество;/bumaga;19569;фото бумага 10х15;315
P11 Бумага, глянец, качество;/bumaga;19569;улучшить качество фото для печати;296
P11 Бумага, глянец, качество;/bumaga;19569;печать фото матовые;294
P11 Бумага, глянец, качество;/bumaga;19569;фотобумага глянцевая 10х15;288
P11 Бумага, глянец, качество;/bumaga;19569;печать фото без полей;277
P11 Бумага, глянец, качество;/bumaga;19569;бумага 10х15 какой;269
P11 Бумага, глянец, качество;/bumaga;19569;фото в качестве распечатать;250
P11 Бумага, глянец, качество;/bumaga;19569;10х15 в пикселях;241
P11 Бумага, глянец, качество;/bumaga;19569;пиксель печать фото;232
P11 Бумага, глянец, качество;/bumaga;19569;печать фото на какой бумаге;218
P11 Бумага, глянец, качество;/bumaga;19569;фотобумага 10х15 купить;207
P11 Бумага, глянец, качество;/bumaga;19569;распечатать фото в хорошем качестве;189
P11 Бумага, глянец, качество;/bumaga;19569;какое разрешение для печати фото;189
P11 Бумага, глянец, качество;/bumaga;19569;распечатать качественные фото;186
P11 Бумага, глянец, качество;/bumaga;19569;матовая фотобумага 10х15;179
P11 Бумага, глянец, качество;/bumaga;19569;фото сквиши из бумаги распечатать;177
P11 Бумага, глянец, качество;/bumaga;19569;фотобумага 10х15 какой;173
P11 Бумага, глянец, качество;/bumaga;19569;распечатать матовые фото;137
P11 Бумага, глянец, качество;/bumaga;19569;хорошая бумага для печати фото;136
P11 Бумага, глянец, качество;/bumaga;19569;как печатать 10х15 без полей;133
P11 Бумага, глянец, качество;/bumaga;19569;фотобумага 10х15 500 листов;131
P11 Бумага, глянец, качество;/bumaga;19569;как печатать фото 10х15 без полей;119
P11 Бумага, глянец, качество;/bumaga;19569;как печатать на фотобумаге 10х15;119
P11 Бумага, глянец, качество;/bumaga;19569;печать фото на глянцевой бумаге;113
P11 Бумага, глянец, качество;/bumaga;19569;печать фото с полями;112
P11 Бумага, глянец, качество;/bumaga;19569;какая бумага для печати фото лучше;111
P11 Бумага, глянец, качество;/bumaga;19569;распечатать фото цветного бумаги;104
P11 Бумага, глянец, качество;/bumaga;19569;печать фото на сахарной бумаге;103
P11 Бумага, глянец, качество;/bumaga;19569;какую бумагу выбрать для печати фото;103
P11 Бумага, глянец, качество;/bumaga;19569;распечатать фото на обычной бумаге;102
P11 Бумага, глянец, качество;/bumaga;19569;распечатать фото на сахарной бумаге;101
P11 Бумага, глянец, качество;/bumaga;19569;печать фото на матовой бумаге;92
P11 Бумага, глянец, качество;/bumaga;19569;печать бумагу фото 10 15;92
P11 Бумага, глянец, качество;/bumaga;19569;распечатать фото на вафельной бумаге;90
P11 Бумага, глянец, качество;/bumaga;19569;какое качество фото для печати;90
P11 Бумага, глянец, качество;/bumaga;19569;печать фото матовая или глянцевая;84
P11 Бумага, глянец, качество;/bumaga;19569;пиксели фото 10х15;83
P11 Бумага, глянец, качество;/bumaga;19569;фото для печати высокого разрешения;82
P11 Бумага, глянец, качество;/bumaga;19569;листы глянцевые 10х15;82
P11 Бумага, глянец, качество;/bumaga;19569;фотобумага сатин 10х15;81
P11 Бумага, глянец, качество;/bumaga;19569;фотобумага 10х15 глянцевая 500;77
P11 Бумага, глянец, качество;/bumaga;19569;плотность бумаги для печати фото;76
P11 Бумага, глянец, качество;/bumaga;19569;печать фото на самоклеющейся бумаге;76
P11 Бумага, глянец, качество;/bumaga;19569;фото высокого качества для печати;70
P11 Бумага, глянец, качество;/bumaga;19569;печать фото на цветной бумаге;66
P11 Бумага, глянец, качество;/bumaga;19569;бумага для печати 10х15;63
P11 Бумага, глянец, качество;/bumaga;19569;фотобумага 10х15 500 листов глянцевая;62
P11 Бумага, глянец, качество;/bumaga;19569;глянцевая бумага 10х15;58
P11 Бумага, глянец, качество;/bumaga;19569;фотобумага brauberg 10х15;56
P11 Бумага, глянец, качество;/bumaga;19569;фотобумага 10х15 глянцевая купить;56
P11 Бумага, глянец, качество;/bumaga;19569;распечатать фото на съедобной бумаге;56
P11 Бумага, глянец, качество;/bumaga;19569;распечатать фото на рисовой бумаге;54
P11 Бумага, глянец, качество;/bumaga;19569;какое разрешение нужно для печати фото;54
P11 Бумага, глянец, качество;/bumaga;19569;распечатать фото на плотной бумаге;53
P11 Бумага, глянец, качество;/bumaga;19569;какая бумага нужна для печати фото;53
P11 Бумага, глянец, качество;/bumaga;19569;фотобумага lomond 10х15;51
P11 Бумага, глянец, качество;/bumaga;19569;купить бумагу 10х15;50
P11 Бумага, глянец, качество;/bumaga;19569;распечатать фото на матовой бумаге;49
P11 Бумага, глянец, качество;/bumaga;19569;разрешение 10х15;49
P11 Бумага, глянец, качество;/bumaga;19569;распечатать фото на самоклеющейся бумаге;48
P11 Бумага, глянец, качество;/bumaga;19569;печать фото на обычной бумаге;47
P11 Бумага, глянец, качество;/bumaga;19569;бумага для печати фото 10х15;47
P11 Бумага, глянец, качество;/bumaga;19569;фотобумага ломонд 10х15;46
P11 Бумага, глянец, качество;/bumaga;19569;печать фото на плотной бумаге;46
P11 Бумага, глянец, качество;/bumaga;19569;фотобумага 10х15 230;45
P11 Бумага, глянец, качество;/bumaga;19569;dpi для печати фото;45
P11 Бумага, глянец, качество;/bumaga;19569;фотобумага 10х15 500 листов купить;44
P5  Печать фото на документы 3х4;/dokumenty;15843;распечатать фото на паспорт;2569
P5  Печать фото на документы 3х4;/dokumenty;15843;печать фото на документы;2374
P5  Печать фото на документы 3х4;/dokumenty;15843;распечатать фото на документы;1621
P5  Печать фото на документы 3х4;/dokumenty;15843;печать фото на паспорт;1438
P5  Печать фото на документы 3х4;/dokumenty;15843;печать фото 3 на 4;1037
P5  Печать фото на документы 3х4;/dokumenty;15843;печать фото 3х4;968
P5  Печать фото на документы 3х4;/dokumenty;15843;печать фото 3х4 онлайн;552
P5  Печать фото на документы 3х4;/dokumenty;15843;как на компьютере распечатать фото 3х4;547
P5  Печать фото на документы 3х4;/dokumenty;15843;можно распечатать фото на паспорт;526
P5  Печать фото на документы 3х4;/dokumenty;15843;распечатать фото 3х4 онлайн;285
P5  Печать фото на документы 3х4;/dokumenty;15843;распечатать фото на документы 3х4;282
P5  Печать фото на документы 3х4;/dokumenty;15843;распечатать фото 3 на 4 онлайн;256
P5  Печать фото на документы 3х4;/dokumenty;15843;печать фото 3 на 4 онлайн;239
P5  Печать фото на документы 3х4;/dokumenty;15843;печать фото на документы 3 на 4;228
P5  Печать фото на документы 3х4;/dokumenty;15843;печать фото на документы онлайн;226
P5  Печать фото на документы 3х4;/dokumenty;15843;распечатать фото на документы онлайн;166
P5  Печать фото на документы 3х4;/dokumenty;15843;можно ли распечатать фото документов;138
P5  Печать фото на документы 3х4;/dokumenty;15843;можно ли распечатать фото 3 4;136
P5  Печать фото на документы 3х4;/dokumenty;15843;печать фото на паспорт онлайн;134
P5  Печать фото на документы 3х4;/dokumenty;15843;печать фото 4 на 6;134
P5  Печать фото на документы 3х4;/dokumenty;15843;сделать фото для печати 3 на 4;128
P5  Печать фото на документы 3х4;/dokumenty;15843;распечатать фото на паспорт онлайн;118
P5  Печать фото на документы 3х4;/dokumenty;15843;распечатать фото на документы 3х4 онлайн;106
P5  Печать фото на документы 3х4;/dokumenty;15843;печать фото на загранпаспорт;104
P5  Печать фото на документы 3х4;/dokumenty;15843;распечатать фото на паспорт 3.5 на 4.5;101
P5  Печать фото на документы 3х4;/dokumenty;15843;распечатать фото для загранпаспорта;84
P5  Печать фото на документы 3х4;/dokumenty;15843;распечатать документы с фото телефона;82
P5  Печать фото на документы 3х4;/dokumenty;15843;фото 3х4 на 10х15;79
P5  Печать фото на документы 3х4;/dokumenty;15843;распечатать фото 3 4 на документ;77
P5  Печать фото на документы 3х4;/dokumenty;15843;сделать фото на паспорт для печати;76
P5  Печать фото на документы 3х4;/dokumenty;15843;распечатать фото 4х6;74
P5  Печать фото на документы 3х4;/dokumenty;15843;фото с паспорта распечатать на компьютер;64
P5  Печать фото на документы 3х4;/dokumenty;15843;распечатать готовое фото на паспорт;64
P5  Печать фото на документы 3х4;/dokumenty;15843;фото на документы печать фотографий;63
P5  Печать фото на документы 3х4;/dokumenty;15843;распечатать фото 3на 4;60
P5  Печать фото на документы 3х4;/dokumenty;15843;распечатать фото на паспорт самому;58
P5  Печать фото на документы 3х4;/dokumenty;15843;распечатать фото 3х4 цветная;53
P5  Печать фото на документы 3х4;/dokumenty;15843;можно ли распечатать свое фото на паспорт;42
P5  Печать фото на документы 3х4;/dokumenty;15843;распечатать готовое фото на документы;40
P5  Печать фото на документы 3х4;/dokumenty;15843;распечатать фото 3х4 с телефона;33
P5  Печать фото на документы 3х4;/dokumenty;15843;бумага для печати фото на документы;33
P5  Печать фото на документы 3х4;/dokumenty;15843;печать фото 4х6;32
P5  Печать фото на документы 3х4;/dokumenty;15843;распечатать фото на паспорт в мфц;31
P5  Печать фото на документы 3х4;/dokumenty;15843;перенести печать с фото на документ;31
P5  Печать фото на документы 3х4;/dokumenty;15843;макет для печати фото на паспорт;31
P5  Печать фото на документы 3х4;/dokumenty;15843;распечатать фото на загранпаспорт старого образца;28
P5  Печать фото на документы 3х4;/dokumenty;15843;распечатать фото 3x4;28
P5  Печать фото на документы 3х4;/dokumenty;15843;фото на документы 10х15;27
P5  Печать фото на документы 3х4;/dokumenty;15843;бумага для печати фото на паспорт;27
P5  Печать фото на документы 3х4;/dokumenty;15843;сделать из фото документ для печати;26
P5  Печать фото на документы 3х4;/dokumenty;15843;фото печать сканирования документов;25
P5  Печать фото на документы 3х4;/dokumenty;15843;печать фото на паспорт рф;23
P5  Печать фото на документы 3х4;/dokumenty;15843;коллаж для печати фото на паспорт;23
P5  Печать фото на документы 3х4;/dokumenty;15843;как самому распечатать фото 3х4;21
P5  Печать фото на документы 3х4;/dokumenty;15843;10х15 это 3 4;21
P5  Печать фото на документы 3х4;/dokumenty;15843;распечатать фото на паспорт кострома;16
P5  Печать фото на документы 3х4;/dokumenty;15843;распечатать обычной фото 3 4;16
P5  Печать фото на документы 3х4;/dokumenty;15843;можно ли фото распечатать на загранпаспорт;15
P5  Печать фото на документы 3х4;/dokumenty;15843;копирка распечатать фото на паспорт;11
P5  Печать фото на документы 3х4;/dokumenty;15843;как правильно распечатать фото на паспорт;11
P5  Печать фото на документы 3х4;/dokumenty;15843;сделать фото 3х4 на листе 10х15;5
P4  Печать фото А4;/catalog/foto-a4;15534;печать фото а4;3633
P4  Печать фото А4;/catalog/foto-a4;15534;распечатать фото а4;3059
P4  Печать фото А4;/catalog/foto-a4;15534;печать фото а3;668
P4  Печать фото А4;/catalog/foto-a4;15534;печать фото на листе а4;521
P4  Печать фото А4;/catalog/foto-a4;15534;распечатать фото на нескольких листах а4;505
P4  Печать фото А4;/catalog/foto-a4;15534;печать фото а4 онлайн;486
P4  Печать фото А4;/catalog/foto-a4;15534;разделить фото для печати а4;443
P4  Печать фото А4;/catalog/foto-a4;15534;распечатать фото а3;440
P4  Печать фото А4;/catalog/foto-a4;15534;разделить фото на части а4 для печати;395
P4  Печать фото А4;/catalog/foto-a4;15534;распечатать цветное фото а4;349
P4  Печать фото А4;/catalog/foto-a4;15534;цветная печать фото а4;342
P4  Печать фото А4;/catalog/foto-a4;15534;разбить фото на части для печати а4;249
P4  Печать фото А4;/catalog/foto-a4;15534;распечатать несколько фото на одном листе а4;245
P4  Печать фото А4;/catalog/foto-a4;15534;печать фото а5;239
P4  Печать фото А4;/catalog/foto-a4;15534;распечатать фото а5;205
P4  Печать фото А4;/catalog/foto-a4;15534;разместить фото на а4 для печати;205
P4  Печать фото А4;/catalog/foto-a4;15534;распечатать 4 фото на а4;185
P4  Печать фото А4;/catalog/foto-a4;15534;печать 4 фото на а4;156
P4  Печать фото А4;/catalog/foto-a4;15534;10х15 на а4;154
P4  Печать фото А4;/catalog/foto-a4;15534;качество фото для печати а4;151
P4  Печать фото А4;/catalog/foto-a4;15534;печать несколько фото на а4;131
P4  Печать фото А4;/catalog/foto-a4;15534;печать нескольких фото на а4;131
P4  Печать фото А4;/catalog/foto-a4;15534;бумага а4 фото распечатать;131
P4  Печать фото А4;/catalog/foto-a4;15534;распечатать 4 фото на листе а4;125
P4  Печать фото А4;/catalog/foto-a4;15534;распечатать фото по частям а4;124
P4  Печать фото А4;/catalog/foto-a4;15534;разместить фото на листе а4 для печати;121
P4  Печать фото А4;/catalog/foto-a4;15534;расположить фото на а4 для печати;119
P4  Печать фото А4;/catalog/foto-a4;15534;печать фото на нескольких листах а4;118
P4  Печать фото А4;/catalog/foto-a4;15534;разместить фото на а4 для печати онлайн;114
P4  Печать фото А4;/catalog/foto-a4;15534;коллаж фото на а4 для печати;107
P4  Печать фото А4;/catalog/foto-a4;15534;разделение фото на части для печати а4;100
P4  Печать фото А4;/catalog/foto-a4;15534;фото путина для печати а4;98
P4  Печать фото А4;/catalog/foto-a4;15534;фото 10х15 на а4;97
P4  Печать фото А4;/catalog/foto-a4;15534;печать фото a4;91
P4  Печать фото А4;/catalog/foto-a4;15534;распечатать фото на 2 листах а4;90
P4  Печать фото А4;/catalog/foto-a4;15534;как сделать фото а4 для печати;87
P4  Печать фото А4;/catalog/foto-a4;15534;печать несколько фото на одном листе а4;80
P4  Печать фото А4;/catalog/foto-a4;15534;бумага для печати фото а4;73
P4  Печать фото А4;/catalog/foto-a4;15534;распечатать фото а4 онлайн;71
P4  Печать фото А4;/catalog/foto-a4;15534;расположить фото на а4 онлайн для печати;65
P4  Печать фото А4;/catalog/foto-a4;15534;распечатать большое фото на а4;61
P4  Печать фото А4;/catalog/foto-a4;15534;печать фото на фотобумаге а4;55
P4  Печать фото А4;/catalog/foto-a4;15534;разрешение фото для печати а4;53
P4  Печать фото А4;/catalog/foto-a4;15534;фото 10х15 на листе а4;50
P4  Печать фото А4;/catalog/foto-a4;15534;разрезать фото для печати на а4;45
P4  Печать фото А4;/catalog/foto-a4;15534;распечатать фото а4 на глянцевой бумаге;42
P4  Печать фото А4;/catalog/foto-a4;15534;мишень фото а4 распечатать;39
P4  Печать фото А4;/catalog/foto-a4;15534;распечатать фото a4;38
P4  Печать фото А4;/catalog/foto-a4;15534;разрезать фото на части для печати а4;38
P4  Печать фото А4;/catalog/foto-a4;15534;распечатать цветное фото а3;36
P4  Печать фото А4;/catalog/foto-a4;15534;разделить фото на листы а4 для печати;36
P4  Печать фото А4;/catalog/foto-a4;15534;какое разрешение фото для печати а4;35
P4  Печать фото А4;/catalog/foto-a4;15534;распечатать большое фото на нескольких листах а4;33
P4  Печать фото А4;/catalog/foto-a4;15534;можно ли распечатать фото а4;33
P4  Печать фото А4;/catalog/foto-a4;15534;распечатать 16 фото на а4;32
P4  Печать фото А4;/catalog/foto-a4;15534;сколько фото 10х15 помещается на листе а4;29
P4  Печать фото А4;/catalog/foto-a4;15534;распечатать фото на всю страницу а4;25
P4  Печать фото А4;/catalog/foto-a4;15534;10х15 это а5;24
P4  Печать фото А4;/catalog/foto-a4;15534;размещение фото на листе а4 для печати;22
P4  Печать фото А4;/catalog/foto-a4;15534;фото мишень для стрельбы распечатать а4;19
P4  Печать фото А4;/catalog/foto-a4;15534;сколько примерно стоит распечатать фото цветное а4;18
P4  Печать фото А4;/catalog/foto-a4;15534;распечатать 4 фото на листе а4 онлайн;17
P4  Печать фото А4;/catalog/foto-a4;15534;фотобумага 10х15 на а4;14
P4  Печать фото А4;/catalog/foto-a4;15534;рамка для фото а4 распечатать;14
P4  Печать фото А4;/catalog/foto-a4;15534;фото 10х15 как выглядят на а4;9
P4  Печать фото А4;/catalog/foto-a4;15534;10х15 листы это а4;9
P4  Печать фото А4;/catalog/foto-a4;15534;как выглядит фото 10х15 на листе а4;5
P7  Печать фото онлайн с доставкой;/onlayn;14113;печать фото онлайн;5200
P7  Печать фото онлайн с доставкой;/onlayn;14113;распечатать фото онлайн;1757
P7  Печать фото онлайн с доставкой;/onlayn;14113;заказать печать фото;877
P7  Печать фото онлайн с доставкой;/onlayn;14113;печать фото с доставкой;845
P7  Печать фото онлайн с доставкой;/onlayn;14113;разделить фото для печати онлайн;638
P7  Печать фото онлайн с доставкой;/onlayn;14113;разделить фото на части онлайн для печати;627
P7  Печать фото онлайн с доставкой;/onlayn;14113;печать фото онлайн с доставкой;469
P7  Печать фото онлайн с доставкой;/onlayn;14113;10х15 онлайн;378
P7  Печать фото онлайн с доставкой;/onlayn;14113;онлайн фото 10х15;331
P7  Печать фото онлайн с доставкой;/onlayn;14113;распечатать фото онлайн 4 на 4;309
P7  Печать фото онлайн с доставкой;/onlayn;14113;фото печать онлайн сделать;267
P7  Печать фото онлайн с доставкой;/onlayn;14113;распечатать фото с доставкой;165
P7  Печать фото онлайн с доставкой;/onlayn;14113;печать фото интернету;162
P7  Печать фото онлайн с доставкой;/onlayn;14113;печать фото через интернет;127
P7  Печать фото онлайн с доставкой;/onlayn;14113;заказать распечатать фото;123
P7  Печать фото онлайн с доставкой;/onlayn;14113;печать фото 10х15 онлайн;85
P7  Печать фото онлайн с доставкой;/onlayn;14113;заказать печать фото онлайн;85
P7  Печать фото онлайн с доставкой;/onlayn;14113;заказ печати фото онлайн;81
P7  Печать фото онлайн с доставкой;/onlayn;14113;распечатать фото онлайн с доставкой;79
P7  Печать фото онлайн с доставкой;/onlayn;14113;расположить фото для печати онлайн;71
P7  Печать фото онлайн с доставкой;/onlayn;14113;печать фото 10 15 онлайн;69
P7  Печать фото онлайн с доставкой;/onlayn;14113;убрать печать с фото онлайн;67
P7  Печать фото онлайн с доставкой;/onlayn;14113;заказать печать фото через интернет;67
P7  Печать фото онлайн с доставкой;/onlayn;14113;заказать печать фото на холсте;67
P7  Печать фото онлайн с доставкой;/onlayn;14113;улучшить фото для печати онлайн;57
P7  Печать фото онлайн с доставкой;/onlayn;14113;заказать печать фото с доставкой;54
P7  Печать фото онлайн с доставкой;/onlayn;14113;сделать фото 10х15 онлайн;52
P7  Печать фото онлайн с доставкой;/onlayn;14113;разместить фото на 10х15 онлайн;48
P7  Печать фото онлайн с доставкой;/onlayn;14113;улучшить качество фото для печати онлайн;47
P7  Печать фото онлайн с доставкой;/onlayn;14113;разместить фото на листе 10х15 онлайн;47
P7  Печать фото онлайн с доставкой;/onlayn;14113;печать фото полароид онлайн;47
P7  Печать фото онлайн с доставкой;/onlayn;14113;подогнать фото 10х15 онлайн;46
P7  Печать фото онлайн с доставкой;/onlayn;14113;коллаж фото онлайн для печати;44
P7  Печать фото онлайн с доставкой;/onlayn;14113;распечатать фото 10 15 онлайн;43
P7  Печать фото онлайн с доставкой;/onlayn;14113;фото 10 на 10 печать онлайн;42
P7  Печать фото онлайн с доставкой;/onlayn;14113;распечатать фото на нескольких листах онлайн;39
P7  Печать фото онлайн с доставкой;/onlayn;14113;печать фото с доставкой по россии;39
P7  Печать фото онлайн с доставкой;/onlayn;14113;обрезать фото 10х15 онлайн;37
P7  Печать фото онлайн с доставкой;/onlayn;14113;распечатать фото 4 6 онлайн;36
P7  Печать фото онлайн с доставкой;/onlayn;14113;велкор печать фото через интернет;35
P7  Печать фото онлайн с доставкой;/onlayn;14113;удалить печать с фото онлайн;33
P7  Печать фото онлайн с доставкой;/onlayn;14113;печать фото на 4 листах онлайн;33
P7  Печать фото онлайн с доставкой;/onlayn;14113;печать фото через интернет с доставкой;27
P7  Печать фото онлайн с доставкой;/onlayn;14113;подготовить фото к печати онлайн;25
P7  Печать фото онлайн с доставкой;/onlayn;14113;печать фото онлайн с доставкой по россии;24
P7  Печать фото онлайн с доставкой;/onlayn;14113;заказать печать фото через интернет с доставкой;24
P7  Печать фото онлайн с доставкой;/onlayn;14113;как заказать печать фото на вб;23
P7  Печать фото онлайн с доставкой;/onlayn;14113;печать фото через сайт;22
P7  Печать фото онлайн с доставкой;/onlayn;14113;печать нескольких фото на одном листе онлайн;22
P7  Печать фото онлайн с доставкой;/onlayn;14113;как заказать печать фото на озоне;22
P7  Печать фото онлайн с доставкой;/onlayn;14113;как заказать печать фото на вайлдберриз;22
P7  Печать фото онлайн с доставкой;/onlayn;14113;распечатать в качестве фото онлайн;21
P7  Печать фото онлайн с доставкой;/onlayn;14113;распечатать фото в хорошем качестве онлайн;20
P7  Печать фото онлайн с доставкой;/onlayn;14113;распечатать фото заказать онлайн;19
P7  Печать фото онлайн с доставкой;/onlayn;14113;распечатать фото 10х15 онлайн;19
P7  Печать фото онлайн с доставкой;/onlayn;14113;распечатать несколько фото на одном листе онлайн;17
P7  Печать фото онлайн с доставкой;/onlayn;14113;обрезка фото 10х15 онлайн;17
P7  Печать фото онлайн с доставкой;/onlayn;14113;распечатать фото полароид онлайн;16
P7  Печать фото онлайн с доставкой;/onlayn;14113;распечатать фото на заказ с доставкой;13
P7  Печать фото онлайн с доставкой;/onlayn;14113;обрезать фото для печати 10х15 онлайн;12
P7  Печать фото онлайн с доставкой;/onlayn;14113;коллаж 10х15 онлайн;12
P7  Печать фото онлайн с доставкой;/onlayn;14113;печать фотографий 10х15 онлайн;11
P10 Срок изготовления;FAQ + блок на всех страницах;9349;сколько распечатывают фото;6005
P10 Срок изготовления;FAQ + блок на всех страницах;9349;фото моментальной печати;1112
P10 Срок изготовления;FAQ + блок на всех страницах;9349;фотоаппарат моментальной печати фото;611
P10 Срок изготовления;FAQ + блок на всех страницах;9349;срочная печать фото;513
P10 Срок изготовления;FAQ + блок на всех страницах;9349;фото моментальной печати детский;168
P10 Срок изготовления;FAQ + блок на всех страницах;9349;детский фотоаппарат моментальной печати фото;167
P10 Срок изготовления;FAQ + блок на всех страницах;9349;распечатать фото быстро;121
P10 Срок изготовления;FAQ + блок на всех страницах;9349;фото моментальной печати instax;117
P10 Срок изготовления;FAQ + блок на всех страницах;9349;фото моментальной печати fujifilm;106
P10 Срок изготовления;FAQ + блок на всех страницах;9349;срочно распечатать фото;104
P10 Срок изготовления;FAQ + блок на всех страницах;9349;фотоаппарат моментальной печати fujifilm фото;93
P10 Срок изготовления;FAQ + блок на всех страницах;9349;фотоаппарат моментальной печати с выбором фото;51
P10 Срок изготовления;FAQ + блок на всех страницах;9349;распечатать фото моментально;48
P10 Срок изготовления;FAQ + блок на всех страницах;9349;за сколько можно распечатать фото;42
P10 Срок изготовления;FAQ + блок на всех страницах;9349;купить фото моментальной печати;34
P10 Срок изготовления;FAQ + блок на всех страницах;9349;камера с моментальной печатью фото;28
P10 Срок изготовления;FAQ + блок на всех страницах;9349;фотоаппарат моментальной печати не печатает фото;24
P10 Срок изготовления;FAQ + блок на всех страницах;9349;ложим быстро брус 10х15;5
P17 Цветная печать;в текст /ceny и главной;6028;распечатать цветные фото;3488
P17 Цветная печать;в текст /ceny и главной;6028;печать цветных фото;2184
P17 Цветная печать;в текст /ceny и главной;6028;печать фото цветное сколько;116
P17 Цветная печать;в текст /ceny и главной;6028;сколько примерно стоит распечатать фото цветное;60
P17 Цветная печать;в текст /ceny и главной;6028;мфу с цветной и фото печатью;60
P17 Цветная печать;в текст /ceny и главной;6028;сколько будет стоить распечатать фото цветное;48
P17 Цветная печать;в текст /ceny и главной;6028;сделать цветную печать фото;40
P17 Цветная печать;в текст /ceny и главной;6028;печать цветного фото на памятник;22
P17 Цветная печать;в текст /ceny и главной;6028;распечатать фото адлер цветной;10
P9  Печать фото на холсте;/interer/holst;5930;печать фото на холсте;3377
P9  Печать фото на холсте;/interer/holst;5930;распечатать фото на холсте;766
P9  Печать фото на холсте;/interer/holst;5930;печать картины по фото;215
P9  Печать фото на холсте;/interer/holst;5930;фото на стену распечатать;170
P9  Печать фото на холсте;/interer/holst;5930;печать фото постеров;115
P9  Печать фото на холсте;/interer/holst;5930;печать фото на подрамнике;110
P9  Печать фото на холсте;/interer/holst;5930;распечатать фото плакат;107
P9  Печать фото на холсте;/interer/holst;5930;печать фото на плакате;103
P9  Печать фото на холсте;/interer/holst;5930;распечатать картину по фото;94
P9  Печать фото на холсте;/interer/holst;5930;печать портрета на холсте по фото;93
P9  Печать фото на холсте;/interer/holst;5930;печать фото на холсте на подрамнике;86
P9  Печать фото на холсте;/interer/holst;5930;печать фото на стену;85
P9  Печать фото на холсте;/interer/holst;5930;печать картин по фото на холсте;77
P9  Печать фото на холсте;/interer/holst;5930;печать фото на холсте с натяжкой;76
P9  Печать фото на холсте;/interer/holst;5930;холст 10х15;65
P9  Печать фото на холсте;/interer/holst;5930;разделить фото на части для печати плаката;47
P9  Печать фото на холсте;/interer/holst;5930;печать фото на холсте быстро;47
P9  Печать фото на холсте;/interer/holst;5930;картины по номерам по фото распечатать;43
P9  Печать фото на холсте;/interer/holst;5930;распечатать большое фото на стену;39
P9  Печать фото на холсте;/interer/holst;5930;распечатать фото на постер;36
P9  Печать фото на холсте;/interer/holst;5930;интерьерная печать фото;34
P9  Печать фото на холсте;/interer/holst;5930;печать фото на холсте минск;33
P9  Печать фото на холсте;/interer/holst;5930;печать фото на холсте симферополь;28
P9  Печать фото на холсте;/interer/holst;5930;картина 10х15;25
P9  Печать фото на холсте;/interer/holst;5930;печать фото на холсте иваново;24
P9  Печать фото на холсте;/interer/holst;5930;картинки для кухни на стену фото распечатать;15
P9  Печать фото на холсте;/interer/holst;5930;холст 10х15 на подрамнике;10
P9  Печать фото на холсте;/interer/holst;5930;распечатать фото на холсте трехгорка;10
P15 Polaroid (есть);/catalog/polaroid;4355;печать фото полароид;2026
P15 Polaroid (есть);/catalog/polaroid;4355;распечатать фото полароид;1286
P15 Polaroid (есть);/catalog/polaroid;4355;печать фото в стиле полароид;333
P15 Polaroid (есть);/catalog/polaroid;4355;печать полароидных фото;260
P15 Polaroid (есть);/catalog/polaroid;4355;можно распечатать фото полароид;105
P15 Polaroid (есть);/catalog/polaroid;4355;полароидные фото распечатать;99
P15 Polaroid (есть);/catalog/polaroid;4355;печать фото polaroid;60
P15 Polaroid (есть);/catalog/polaroid;4355;как сделать фото полароид для печати;46
P15 Polaroid (есть);/catalog/polaroid;4355;печать фото под полароид;37
P15 Polaroid (есть);/catalog/polaroid;4355;распечатать обычные фото как полароид;32
P15 Polaroid (есть);/catalog/polaroid;4355;можно ли распечатать фото на полароид;22
P15 Polaroid (есть);/catalog/polaroid;4355;как сделать полароидные фото для печати;22
P15 Polaroid (есть);/catalog/polaroid;4355;распечатать фото под полароид;16
P15 Polaroid (есть);/catalog/polaroid;4355;распечатать фото тамбов полароид;11
P6  Печать фото с телефона;/s-telefona;3654;печать фото с телефона;1547
P6  Печать фото с телефона;/s-telefona;3654;распечатают ли фото с телефона;398
P6  Печать фото с телефона;/s-telefona;3654;можно ли распечатать фото с телефона;364
P6  Печать фото с телефона;/s-telefona;3654;распечатать цветные фото с телефона;268
P6  Печать фото с телефона;/s-telefona;3654;печать фото с айфона;112
P6  Печать фото с телефона;/s-telefona;3654;автомат для печати фото с телефона;85
P6  Печать фото с телефона;/s-telefona;3654;как можно распечатать фото с телефона;76
P6  Печать фото с телефона;/s-telefona;3654;аппарат для печати фото с телефона;72
P6  Печать фото с телефона;/s-telefona;3654;распечатать мини фото с телефона;61
P6  Печать фото с телефона;/s-telefona;3654;мини печать фото с телефона;54
P6  Печать фото с телефона;/s-telefona;3654;моментальная печать фото с телефона;50
P6  Печать фото с телефона;/s-telefona;3654;распечатать фото с телефона как полароид;47
P6  Печать фото с телефона;/s-telefona;3654;будка для печати фото с телефона;47
P6  Печать фото с телефона;/s-telefona;3654;распечатать фото со смартфона;41
P6  Печать фото с телефона;/s-telefona;3654;распечатать фото в автомате с телефона;40
P6  Печать фото с телефона;/s-telefona;3654;с телефона фото распечатать на бумагу;38
P6  Печать фото с телефона;/s-telefona;3654;мгновенная печать фото с телефона;36
P6  Печать фото с телефона;/s-telefona;3654;xiaomi печать фото с телефона;36
P6  Печать фото с телефона;/s-telefona;3654;качество распечатанных фото с телефона;31
P6  Печать фото с телефона;/s-telefona;3654;аппарат распечатать фото с телефона;31
P6  Печать фото с телефона;/s-telefona;3654;печать фото со смартфона;29
P6  Печать фото с телефона;/s-telefona;3654;печать фото с телефона купить;29
P6  Печать фото с телефона;/s-telefona;3654;распечатать фото с телефона маленькие;26
P6  Печать фото с телефона;/s-telefona;3654;распечатать фото 10х15 с телефона;26
P6  Печать фото с телефона;/s-telefona;3654;распечатать фото с телефона тамбов;25
P6  Печать фото с телефона;/s-telefona;3654;фото с телефона распечатать хорошего качества;24
P6  Печать фото с телефона;/s-telefona;3654;инстакс печать фото с телефона;22
P6  Печать фото с телефона;/s-telefona;3654;как лучше распечатать фото с телефона;20
P6  Печать фото с телефона;/s-telefona;3654;распечатать фото с телефона минск;19
P12 Инструмент: разделить фото;/instrumenty/razdelit-foto;3615;разделить фото для печати;1305
P12 Инструмент: разделить фото;/instrumenty/razdelit-foto;3615;разделить фото на части для печати;1151
P12 Инструмент: разделить фото;/instrumenty/razdelit-foto;3615;разбить фото для печати;319
P12 Инструмент: разделить фото;/instrumenty/razdelit-foto;3615;разбить фото на части для печати;292
P12 Инструмент: разделить фото;/instrumenty/razdelit-foto;3615;разрезать фото на части для печати;158
P12 Инструмент: разделить фото;/instrumenty/razdelit-foto;3615;разделение фото на части для печати;131
P12 Инструмент: разделить фото;/instrumenty/razdelit-foto;3615;разделить фото и распечатать;47
P12 Инструмент: разделить фото;/instrumenty/razdelit-foto;3615;печать фото по частям;39
P12 Инструмент: разделить фото;/instrumenty/razdelit-foto;3615;делить фото на части для печати;38
P12 Инструмент: разделить фото;/instrumenty/razdelit-foto;3615;делим фото на части для печати;38
P12 Инструмент: разделить фото;/instrumenty/razdelit-foto;3615;разделить фото для печати на нескольких листах;36
P12 Инструмент: разделить фото;/instrumenty/razdelit-foto;3615;разделить фото на части и распечатать;31
P12 Инструмент: разделить фото;/instrumenty/razdelit-foto;3615;поделить фото на части для печати;30
P8  Квадратные форматы 15х15 4х4;/catalog/kvadratnye;1855;распечатать фото 6 на 6;472
P8  Квадратные форматы 15х15 4х4;/catalog/kvadratnye;1855;печать фото 5 на 5;412
P8  Квадратные форматы 15х15 4х4;/catalog/kvadratnye;1855;печать фото 7 на 7;291
P8  Квадратные форматы 15х15 4х4;/catalog/kvadratnye;1855;печать фото 6 на 6;277
P8  Квадратные форматы 15х15 4х4;/catalog/kvadratnye;1855;распечатать фото 7 на 7;215
P8  Квадратные форматы 15х15 4х4;/catalog/kvadratnye;1855;печать квадратных фото;145
P8  Квадратные форматы 15х15 4х4;/catalog/kvadratnye;1855;распечатать квадратное фото;43
P14 10х10 (есть);/catalog/foto-10x10-bez-polej;1551;печать фото 10 на 10;1551
P16 Instax (есть);/catalog/instax;1123;инстакс печать фото;281
P16 Instax (есть);/catalog/instax;1123;печать фото instax;244
P16 Instax (есть);/catalog/instax;1123;инстакс распечатать фото;167
P16 Instax (есть);/catalog/instax;1123;instax mini печать фото;152
P16 Instax (есть);/catalog/instax;1123;instax распечатать фото;96
P16 Instax (есть);/catalog/instax;1123;печать фото инстакс мини;88
P16 Instax (есть);/catalog/instax;1123;распечатать фото инстакс мини;58
P16 Instax (есть);/catalog/instax;1123;печать фото в стиле инстакс;22
P16 Instax (есть);/catalog/instax;1123;распечатать фото в стиле инстакс;15
